latitude,longitude,elevation,utc_offset_seconds,timezone,timezone_abbreviation
32.125,35.1875,566.0,0,GMT,GMT

time,temperature_2m (°C),precipitation_probability (%)
2026-05-19T00:00,16.7,0
2026-05-19T01:00,16.5,0
2026-05-19T02:00,16.3,0
2026-05-19T03:00,15.9,0
2026-05-19T04:00,16.6,0
2026-05-19T05:00,17.8,0
2026-05-19T06:00,19.1,0
2026-05-19T07:00,20.7,0
2026-05-19T08:00,22.2,0
2026-05-19T09:00,23.6,0
2026-05-19T10:00,24.5,0
2026-05-19T11:00,24.6,0
2026-05-19T12:00,24.1,0
2026-05-19T13:00,23.3,0
2026-05-19T14:00,22.4,0
2026-05-19T15:00,20.9,0
2026-05-19T16:00,19.1,0
2026-05-19T17:00,17.4,0
2026-05-19T18:00,16.7,0
2026-05-19T19:00,15.9,0
2026-05-19T20:00,15.3,0
2026-05-19T21:00,15.3,0
2026-05-19T22:00,15.5,0
2026-05-19T23:00,15.2,0
2026-05-20T00:00,14.9,0
2026-05-20T01:00,14.9,0
2026-05-20T02:00,15.0,0
2026-05-20T03:00,15.7,0
2026-05-20T04:00,17.2,0
2026-05-20T05:00,20.1,0
2026-05-20T06:00,21.8,0
2026-05-20T07:00,22.8,0
2026-05-20T08:00,23.4,0
2026-05-20T09:00,23.3,0
2026-05-20T10:00,23.7,0
2026-05-20T11:00,22.3,0
2026-05-20T12:00,22.7,0
2026-05-20T13:00,19.6,0
2026-05-20T14:00,19.1,0
2026-05-20T15:00,17.6,0
2026-05-20T16:00,16.3,0
2026-05-20T17:00,15.5,0
2026-05-20T18:00,14.9,0
2026-05-20T19:00,14.7,3
2026-05-20T20:00,14.5,8
2026-05-20T21:00,14.2,20
2026-05-20T22:00,14.1,40
2026-05-20T23:00,14.1,30
2026-05-21T00:00,13.9,38
2026-05-21T01:00,13.8,40
2026-05-21T02:00,13.8,40
2026-05-21T03:00,13.7,40
2026-05-21T04:00,13.9,42
2026-05-21T05:00,14.4,44
2026-05-21T06:00,15.8,43
2026-05-21T07:00,17.2,35
2026-05-21T08:00,18.2,22
2026-05-21T09:00,18.7,13
2026-05-21T10:00,19.5,9
2026-05-21T11:00,19.2,9
2026-05-21T12:00,19.1,8
2026-05-21T13:00,18.8,7
2026-05-21T14:00,18.6,6
2026-05-21T15:00,17.9,5
2026-05-21T16:00,17.1,4
2026-05-21T17:00,16.4,4
2026-05-21T18:00,15.7,3
2026-05-21T19:00,15.2,2
2026-05-21T20:00,14.8,0
2026-05-21T21:00,14.6,0
2026-05-21T22:00,14.6,8
2026-05-21T23:00,14.6,9
2026-05-22T00:00,14.7,10
2026-05-22T01:00,14.7,10
2026-05-22T02:00,14.8,9
2026-05-22T03:00,14.9,8
2026-05-22T04:00,15.6,7
2026-05-22T05:00,16.7,6
2026-05-22T06:00,17.9,5
2026-05-22T07:00,19.3,4
2026-05-22T08:00,20.8,3
2026-05-22T09:00,22.0,2
2026-05-22T10:00,22.6,1
2026-05-22T11:00,22.9,1
2026-05-22T12:00,22.8,0
2026-05-22T13:00,22.1,0
2026-05-22T14:00,21.0,0
2026-05-22T15:00,19.8,0
2026-05-22T16:00,18.4,0
2026-05-22T17:00,17.0,0
2026-05-22T18:00,15.8,0
2026-05-22T19:00,15.2,0
2026-05-22T20:00,15.0,0
2026-05-22T21:00,14.6,0
2026-05-22T22:00,13.9,0
2026-05-22T23:00,13.1,0
2026-05-23T00:00,12.5,0
2026-05-23T01:00,12.2,0
2026-05-23T02:00,12.1,0
2026-05-23T03:00,12.9,0
2026-05-23T04:00,15.2,0
2026-05-23T05:00,18.4,0
2026-05-23T06:00,21.0,0
2026-05-23T07:00,22.5,0
2026-05-23T08:00,23.6,0
2026-05-23T09:00,24.2,0
2026-05-23T10:00,24.6,0
2026-05-23T11:00,24.7,0
2026-05-23T12:00,24.3,0
2026-05-23T13:00,23.5,0
2026-05-23T14:00,22.2,0
2026-05-23T15:00,20.9,0
2026-05-23T16:00,19.5,0
2026-05-23T17:00,18.0,0
2026-05-23T18:00,16.9,0
2026-05-23T19:00,16.2,0
2026-05-23T20:00,15.9,0
2026-05-23T21:00,15.6,0
2026-05-23T22:00,15.3,0
2026-05-23T23:00,14.9,0
2026-05-24T00:00,14.6,0
2026-05-24T01:00,14.3,0
2026-05-24T02:00,14.1,0
2026-05-24T03:00,14.6,0
2026-05-24T04:00,16.3,0
2026-05-24T05:00,18.8,0
2026-05-24T06:00,21.0,0
2026-05-24T07:00,22.7,0
2026-05-24T08:00,24.2,0
2026-05-24T09:00,25.2,0
2026-05-24T10:00,25.5,0
2026-05-24T11:00,25.3,0
2026-05-24T12:00,24.9,0
2026-05-24T13:00,24.1,0
2026-05-24T14:00,23.1,0
2026-05-24T15:00,22.1,0
2026-05-24T16:00,21.2,0
2026-05-24T17:00,20.2,0
2026-05-24T18:00,19.4,0
2026-05-24T19:00,18.9,0
2026-05-24T20:00,18.5,0
2026-05-24T21:00,18.2,0
2026-05-24T22:00,17.8,0
2026-05-24T23:00,17.6,0
2026-05-25T00:00,17.4,0
2026-05-25T01:00,17.2,0
2026-05-25T02:00,17.2,0
2026-05-25T03:00,17.5,0
2026-05-25T04:00,18.5,0
2026-05-25T05:00,19.8,0
2026-05-25T06:00,21.0,0
2026-05-25T07:00,21.9,0
2026-05-25T08:00,22.5,0
2026-05-25T09:00,23.1,0
2026-05-25T10:00,23.6,0
2026-05-25T11:00,23.9,0
2026-05-25T12:00,23.9,0
2026-05-25T13:00,23.5,0
2026-05-25T14:00,22.7,0
2026-05-25T15:00,21.9,0
2026-05-25T16:00,21.2,0
2026-05-25T17:00,20.4,0
2026-05-25T18:00,19.7,0
2026-05-25T19:00,19.2,0
2026-05-25T20:00,18.7,0
2026-05-25T21:00,18.2,0
2026-05-25T22:00,17.8,0
2026-05-25T23:00,17.4,0
